14707, 14707, AHMAD REIZA FAHMI, X-TKJ1
14708, 14708, ALDHITYA AHMAD FAHRI, X-TKJ1
14709, 14709, ALFARIZZI RAMADHAN, X-TKJ1
14710, 14710, AMANDA LIO AVANZA, X-TKJ1
14711, 14711, ANDRE, X-TKJ1
14712, 14712, ARYYA YODHA PRATAMA, X-TKJ1
14713, 14713, ATHA RASYID RAMADHAN, X-TKJ1
14714, 14714, AZ-ZAHRA AYU RAHMADYO, X-TKJ1
14715, 14715, BINTANG CHANTIEQ KARUNNIEA CINTA, X-TKJ1
14716, 14716, DANUHAN NUR ILYASA, X-TKJ1
14717, 14717, DHYAN SATRIYA DWI YUNANTA, X-TKJ1
14718, 14718, DONAHUE DHARMA DANADYAKSA HARSONO, X-TKJ1
14719, 14719, EVITA AL AZKA, X-TKJ1
14720, 14720, FADIL MAULANA RAMZY PUTRA, X-TKJ1
14721, 14721, FAIZ AKMAL, X-TKJ1
14722, 14722, FERLY CAHYO TRI NUGROHO, X-TKJ1
14723, 14723, FRIZZIAN ARFIANDA, X-TKJ1
14724, 14724, KARIZA WINDY JULIANI, X-TKJ1
14725, 14725, MUHAMMAD FIRMAN PAMUNGKAS, X-TKJ1
14726, 14726, MUHAMMAD IMAM BUKHARI, X-TKJ1
14727, 14727, MUHAMMAD RASYA AZ-ZIKRA, X-TKJ1
14728, 14728, RAFIF EZAR PRASETYO, X-TKJ1
14729, 14729, RAFIQI RAHMAN RAMADHAN, X-TKJ1
14730, 14730, REVANO RANGGA WISESA, X-TKJ1
14731, 14731, REZAL WIJAYANTO, X-TKJ1
14732, 14732, RIDHO KHOIRUL AZAM, X-TKJ1
14733, 14733, RIZKY ADITYA PRATAMA, X-TKJ1
14734, 14734, RIZKY PRATAMA, X-TKJ1
14735, 14735, ROBY DARMA PANGESTU, X-TKJ1
14736, 14736, SHERUNI NAYLA ZYFANA, X-TKJ1
14737, 14737, SURYA PUTRA ARDHANA, X-TKJ1
14738, 14738, SYAFIQ ABDURRAZZAQ, X-TKJ1
14739, 14739, TEGAR DWI PRAKOSO, X-TKJ1
14740, 14740, TIMBANG NOVARIANTO, X-TKJ1
14741, 14741, VANDIKA AREGA PUTRA, X-TKJ1
14742, 14742, YAMED ROBBI ALIM, X-TKJ1
