13631, 13631, AL-BANI ZULKARNAIN, XII-TKJ1
13632, 13632, ALEXANDER BINTANG NUGRAHA, XII-TKJ1
13633, 13633, ALIF DESKA PRATAMA, XII-TKJ1
13634, 13634, ALINA MAYNINGRUM, XII-TKJ1
13635, 13635, AMELIA TRIYAS NUR ASSIFA, XII-TKJ1
13636, 13636, ANDIKA SETIAWAN, XII-TKJ1
13637, 13637, APRIL TRI CAHYONO, XII-TKJ1
13638, 13638, AZZAHRA NURUL HIKMA RAMADANI, XII-TKJ1
13639, 13639, DESVIAN ANGGA SAPUTRA, XII-TKJ1
13640, 13640, DYAZ AYU FERARI, XII-TKJ1
13641, 13641, ELZAR MAHESWARA PUTRA GOMENSI, XII-TKJ1
13642, 13642, ERLANGGA AL GHOZI, XII-TKJ1
13643, 13643, GILANG PUTRA RAMADHAN, XII-TKJ1
13644, 13644, HARYO GIBRAN SUTRISNO, XII-TKJ1
13645, 13645, IRFAN PERDANA, XII-TKJ1
13646, 13646, KEVIN ADITYA RAHMAN, XII-TKJ1
13647, 13647, MARIO BAYU PRASETYO, XII-TKJ1
13648, 13648, MAULANA IQBAL HASBULLAH, XII-TKJ1
13649, 13649, MAULID DIDAN AKBAR, XII-TKJ1
13650, 13650, MOHAMMAD SATHRYA RANGGA P, XII-TKJ1
13651, 13651, MUHAMMAD AMMAR LATHAN ALFAN, XII-TKJ1
13652, 13652, MUHAMMAD DEVAN PIZARO, XII-TKJ1
13653, 13653, MUHAMMAD HASBI, XII-TKJ1
13655, 13655, NADIYA AL ANIDA, XII-TKJ1
13656, 13656, NAFA AURA YUNITA, XII-TKJ1
13657, 13657, NEREUS PRATAMA MEYVANDI, XII-TKJ1
13658, 13658, RAFIQ MAULANA, XII-TKJ1
13660, 13660, REZA MAULANA IHSAN, XII-TKJ1
13661, 13661, RIDHON ABRORI KHOIR, XII-TKJ1
13662, 13662, ROMADHONI DWI KUNCORO, XII-TKJ1
13663, 13663, SOERYO SOEKMO SETO SUPARKASIH, XII-TKJ1
13664, 13664, WILDAN CANDRA ARDIANTO, XII-TKJ1
13665, 13665, YOGA DWI PAMUNGKAS, XII-TKJ1
13666, 13666, ZAID MUHAIMINUN ANWA, XII-TKJ1
