14169, 14169, ADNAN FADHOLI, XI-TKJ1
14170, 14170, AKBAR PUTRA ADI WIDIANTORO, XI-TKJ1
14171, 14171, ALFIAN RADITYA PUTRA, XI-TKJ1
14172, 14172, ANINDHITA PUTRI, XI-TKJ1
14173, 14173, ARKAN GHULAM SYAKIB PERDANA, XI-TKJ1
14174, 14174, BAGAS PUTRA MULYANDA, XI-TKJ1
14175, 14175, BARUNA BAGUS PUSPITA DELIANTO, XI-TKJ1
14176, 14176, DANI JULIANTO, XI-TKJ1
14177, 14177, DESI RAHMAWATI, XI-TKJ1
14178, 14178, DIMAS ABDUL KARIM, XI-TKJ1
14179, 14179, FADHIL MALKA ATAYA RAFIF, XI-TKJ1
14180, 14180, FAHRUROYI, XI-TKJ1
14181, 14181, HANIFAN BARID SIGIT, XI-TKJ1
14182, 14182, HAVID SATRIA UTAMA, XI-TKJ1
14183, 14183, IQBAL TAN LALANA, XI-TKJ1
14184, 14184, KAINDRA BAGAS ADIWITYA, XI-TKJ1
14185, 14185, KHAIRUNNISA SYIFA AZ-ZAHRA, XI-TKJ1
14186, 14186, KHANAYA PUTRI PRATAMA, XI-TKJ1
14187, 14187, LEFTICEA EVERLIN IGNA SUBEKTI, XI-TKJ1
14188, 14188, LUTFAN AUREL AGUSTAVIAN, XI-TKJ1
14189, 14189, MUHAMMAD FADHIL ABRISAM, XI-TKJ1
14190, 14190, MUHAMMAD IKHSAN KAMAL ADINATA, XI-TKJ1
14192, 14192, MUHAMMAD ZAKY SETYAWAN, XI-TKJ1
14193, 14193, NADIA ALFIANI, XI-TKJ1
14194, 14194, NAUFAL YUSUF AZZAKI, XI-TKJ1
14195, 14195, RACHMAT BAGAS SETYAWAN, XI-TKJ1
14196, 14196, RAGIL SENO WIBOWO, XI-TKJ1
14197, 14197, RAKA EVANDRA AVRILIO, XI-TKJ1
14198, 14198, RAMA I'ZAZ DZAKY, XI-TKJ1
14199, 14199, RENO BAYU PAMUNGKAS, XI-TKJ1
14200, 14200, ROQIYANTO FATIK NUR RAIZ, XI-TKJ1
14201, 14201, YUSUF AMUKTI, XI-TKJ1
14202, 14202, ZAHCHIKAL SEZHA TSAQIF, XI-TKJ1
14203, 14203, ZAKI FAIRUZ HARTANTO, XI-TKJ1
14204, 14204, ZULFAN ARVIN FEBRIAN, XI-TKJ1
